{"cameraMode":{"drawMode":0,"name":"Shaded","section":"Shading Mode"},"sceneLighting":true,"audioPlay":false,"sceneViewState":{"m_AlwaysRefresh":false,"showFog":true,"showSkybox":true,"showFlares":true,"showImageEffects":true,"showParticleSystems":true,"showVisualEffectGraphs":true,"m_FxEnabled":true},"in2DMode":false,"pivot":{"x":-0.031400203704833987,"y":0.5012573003768921,"z":-0.6344509124755859},"rotation":{"x":0.02209331840276718,"y":0.928706169128418,"z":-0.05607783794403076,"w":0.3658860921859741},"size":5.513917446136475,"orthographic":false}